Feeder name,feeder type,feeder category,SS2FEEDER Unites(Kwh)(8),Feeder2SS UNites(Kwh)(9),Consumer Export(10),Total Sentout(11=8-9+10),LT Sold Out(12),HT Sold(15),Total BIlled UNites(16=12+13+14+15),Consumer Import(17),Net Assessed(Import)(18),Total Soldout(19=16-18+17),Unite Loss(20=11-19),T%D Loss(%)(21=20/11),Month
66 KV ALEMBIC PHARMA,HT,EHT,148964.81222592015,0.0,0.0,363541.12170076155,0.0,1.591247953198173,170932.96003538033,0.0,0.0,301434.3019910047,307.4559747703908,3.301996858603182,January-February
66 KV ALEMBIC PHARMA,HT,EHT,151159.92892206015,0.0,0.0,369351.6378684995,0.0,1.7525383885607977,173484.7036359794,0.0,0.0,306173.30140621343,307.41276538943123,3.301996858603182,July-August
66 KV ALEMBIC PHARMA,HT,EHT,157070.69059937604,0.0,0.0,385032.53133508575,0.0,2.0553973894219686,180358.1205871252,0.0,0.0,318956.493668893,307.2951644332357,3.301996858603182,March-April
66 KV ALEMBIC PHARMA,HT,EHT,164516.30189486162,0.0,0.0,404855.73990638653,0.0,5.19933758270342,189021.12191019615,0.0,0.0,335104.4776445367,307.1444749838339,3.301996858603182,May-June
66 KV ALEMBIC PHARMA,HT,EHT,148688.3523816177,0.0,0.0,362809.8347067132,0.0,1.5567834309604907,170611.61988868593,0.0,0.0,300837.78475572757,307.46139257965643,3.301996858603182,November-December
66 KV ALEMBIC PHARMA,HT,EHT,149818.3565207388,0.0,0.0,365799.6212916864,0.0,1.6277134615614701,171925.11687011187,0.0,0.0,303276.4571162632,307.4391986211903,3.301996858603182,September-October
66 KV ALEMBIC PHARMA,HT,EHT,137609.66246983348,0.0,0.0,333600.79861074145,0.0,1.3553728200355584,157740.96008084813,0.0,0.0,276995.30975660746,307.6753602178763,3.301996858603182,January-February
66 KV ALEMBIC PHARMA,HT,EHT,162256.90836372713,0.0,0.0,398832.20134930394,0.0,2.4103721654994934,186391.75927560646,0.0,0.0,330199.09124327847,307.1904985298121,3.301996858603182,July-August
66 KV ALEMBIC PHARMA,HT,EHT,162781.88088551039,0.0,0.0,400231.15244877274,0.0,2.653417378999383,187002.65241950648,0.0,0.0,331338.4610620964,307.179833099638,3.301996858603182,March-April
66 KV ALEMBIC PHARMA,HT,EHT,154352.4196573773,0.0,0.0,377814.85263158905,0.0,1.8539590419462697,177196.71448044403,0.0,0.0,313073.6547714775,307.34947012264496,3.301996858603182,May-June
66 KV ALEMBIC PHARMA,HT,EHT,151109.103647469,0.0,0.0,369217.021834244,0.0,1.7079296198838834,173425.61572641542,0.0,0.0,306063.5238489354,307.4137632203656,3.301996858603182,November-December
66 KV ALEMBIC PHARMA,HT,EHT,154465.8932618589,0.0,0.0,378115.94082675054,0.0,1.9127747698011455,177328.67227416605,0.0,0.0,313319.0958027425,307.34721278674385,3.301996858603182,September-October
B.I.D.C.,MX,URBAN,80171.7826538643,505.7,8.02244102801655,185827.07022747857,68.79124602873758,0.5861586230438318,90061.3816555665,10.743821550249029,0.0,153563.10748585963,359.4869332605015,3.677977347009355,January-February
B.I.D.C.,MX,URBAN,88240.26601287119,493.08,7.976694992270118,206165.43833094893,70.86139066526253,0.8444707985730511,99248.49402113268,10.817654913140034,0.0,170094.74640401255,365.55528535818974,3.6760503607815664,July-August
B.I.D.C.,MX,URBAN,89197.95164988574,452.67,8.08575467585002,208603.69432935264,71.09804732426103,0.8588228716428564,100339.69889774712,10.770718456220912,0.0,172063.432299251,366.52011331762617,3.677977347009355,March-April
B.I.D.C.,MX,URBAN,83214.87832211157,457.11,8.047135160690768,193484.52514340254,69.58869479052834,0.6965958130011652,93525.030899342,10.797338535432129,0.0,159785.93103632855,361.8660101047764,3.677977347009355,May-June
B.I.D.C.,MX,URBAN,78626.934852918,478.49,8.051962155208638,181955.48633246013,68.37815950132212,0.5626031019796116,88303.68550646343,10.666451819835071,0.0,150409.65592757898,358.40188793644893,3.6799031796718675,November-December
B.I.D.C.,MX,URBAN,81836.80077830444,450.21,7.998355557040069,190010.83450826493,69.23018004184306,0.6588997298474636,91956.29672389435,10.938801919175642,0.0,156967.21761513507,360.7103744251826,3.677977347009355,September-October
B.I.D.C.,MX,URBAN,73325.63805831758,469.98,7.996963487574953,168698.86897914787,66.91518133091671,0.44906266213786467,82275.43982340196,10.848495164737209,0.0,139623.25211826488,354.2910519008519,3.6799031796718675,January-February
B.I.D.C.,MX,URBAN,87859.60301224396,459.39,8.01619247809735,205207.2820504988,70.7668169481331,0.8302905990208177,98814.80216905697,10.861895197972267,0.0,169312.80835600654,365.3465734624155,3.677977347009355,July-August
B.I.D.C.,MX,URBAN,87352.22381664891,491.45,8.06846874587935,203928.2823497465,70.64030745619073,0.8024187735818893,98236.77947760832,10.733864754880088,0.0,168269.59680503712,365.0543547570949,3.677977347009355,March-April
B.I.D.C.,MX,URBAN,84765.20325256398,461.4,8.086770210539331,197396.7992759651,69.98701239219618,0.7093816862557303,95290.24519677034,10.888598658635464,0.0,162962.50717900795,363.10721581396393,3.677977347009355,May-June
B.I.D.C.,MX,URBAN,81202.45286993196,497.59,7.983242226248509,188412.52889246162,69.06370765522182,0.6221176015814566,91234.301982123,10.92596874465612,0.0,155670.20495001107,360.17466076582497,3.677977347009355,November-December
B.I.D.C.,MX,URBAN,80961.8309062752,502.21,8.094888083095157,187819.90862397547,69.00031920501618,0.6100439875343403,90960.45253629153,10.732540225741078,0.0,155177.01277615427,360.22893263399817,3.6799031796718675,September-October
BHAILAL AMIN HOSPITAL,HT,HTEX,65696.54390446811,0.0,0.0,149677.48049071225,0.0,0.4601363883073894,75004.99146029084,0.0,0.0,126647.92253256004,290.03772063062763,3.1321867628729434,January-February
BHAILAL AMIN HOSPITAL,HT,HTEX,67613.816451009,0.0,0.0,154418.1738106238,0.0,0.5163962430102879,77222.71932975462,0.0,0.0,130593.0609250253,289.2011933777794,3.1321867628729434,July-August
BHAILAL AMIN HOSPITAL,HT,HTEX,67295.62591554648,0.0,0.0,153630.61811560197,0.0,0.5050185364145867,76854.6082239211,0.0,0.0,129937.80616303037,289.34091392861103,3.1321867628729434,March-April
BHAILAL AMIN HOSPITAL,HT,HTEX,73104.51657215292,0.0,0.0,168056.178796765,0.0,0.6465421843375063,83578.30368077598,0.0,0.0,141931.65297054144,286.7341593566686,3.1321867628729434,May-June
BHAILAL AMIN HOSPITAL,HT,HTEX,65749.19820608661,0.0,0.0,149807.52118291054,0.0,0.4712668306751153,75065.88622237847,0.0,0.0,126756.1675603818,290.01492184304874,3.1321867628729434,November-December
BHAILAL AMIN HOSPITAL,HT,HTEX,66218.7487238801,0.0,0.0,150967.55935333608,0.0,0.4824559665919275,75608.94885120599,0.0,0.0,127721.70663384705,289.8111543507897,3.1321867628729434,September-October
BHAILAL AMIN HOSPITAL,HT,HTEX,62524.250189868806,0.0,0.0,141859.23310869283,0.0,0.43804373265124996,71337.4240745575,0.0,0.0,120137.22089257966,291.3934857440346,3.1321867628729434,January-February
BHAILAL AMIN HOSPITAL,HT,HTEX,72011.73867235365,0.0,0.0,165334.8211179818,0.0,0.5980586542780028,82312.88460986542,0.0,0.0,139670.35896397763,287.2335988021598,3.1321867628729434,July-August
BHAILAL AMIN HOSPITAL,HT,HTEX,68908.77933567452,0.0,0.0,157626.54343122063,0.0,0.5509421867474339,78721.0784163312,0.0,0.0,133261.90108326336,288.62888996417826,3.1321867628729434,March-April
BHAILAL AMIN HOSPITAL,HT,HTEX,71338.02945074133,0.0,0.0,163658.7991480061,0.0,0.5743410263916612,81532.86421517025,0.0,0.0,138277.37965286736,287.53941200691276,3.1321867628729434,May-June
BHAILAL AMIN HOSPITAL,HT,HTEX,68312.8042262532,0.0,0.0,156149.33474494613,0.0,0.5393557114800944,78031.44944042107,0.0,0.0,132033.21522181827,288.8930066138184,3.1321867628729434,November-December
BHAILAL AMIN HOSPITAL,HT,HTEX,66677.68387184375,0.0,0.0,152102.0397347113,0.0,0.49370583433981996,76139.78239128918,0.0,0.0,128665.85644009658,289.61124877240076,3.1321867628729434,September-October
DWARKESH,LT,URBAN,89239.09121745337,37679.17,14.034142282277353,249194.5880848412,113.52323544515987,-5.199337582605575,102474.0297046096,45.71815501307204,37.25115620428003,199748.42642480432,470.27046501120867,4.248112941892359,January-February
DWARKESH,LT,URBAN,104207.40271425169,34989.65,13.978195769136486,283634.2669404071,118.9522486101505,-5.199337582605575,119903.13802209255,45.47725679265139,37.3395057559595,229368.49819205585,452.9050615863235,4.01972516893406,July-August
DWARKESH,LT,URBAN,102355.84352937916,36218.78,14.046638834346174,281676.9484418661,118.31204803241424,-5.199337582605575,117745.31916512155,46.32784934979279,36.612082993625,229275.4725521024,426.57177011769284,3.8778278255534047,March-April
DWARKESH,LT,URBAN,95462.3246150734,33455.94,13.922722071468119,260161.30436230564,115.85354607980057,-5.199337582605575,109716.09405906669,45.6094069417419,37.001164904151636,212189.79547927054,414.46754404006646,3.8596580151899444,May-June
DWARKESH,LT,URBAN,96385.28280623851,39392.01,13.932104353421437,262566.76797605475,116.18987610013352,-5.199337582605575,110790.6850252776,45.76930984892125,37.21902512837728,214484.30529177637,408.6836021962062,3.821172624575989,November-December
DWARKESH,LT,URBAN,96393.70092464708,35314.33,13.962039595294886,263823.1795300527,116.19293313841501,-5.199337582605575,110800.48675040496,45.449750256309784,36.980084484569645,213529.10065726552,444.0233558458145,4.026665032502112,September-October
DWARKESH,LT,URBAN,92784.81752894587,38234.42,13.941374323072308,254156.1852219265,114.86458911255528,-5.199337582605575,106599.46652494837,46.054881355826694,36.86087100275864,208532.78531948794,389.5247880409389,3.7276790105896147,January-February
DWARKESH,LT,URBAN,96391.73946735353,38027.57,13.938419526881816,262856.9800468293,116.19222085010055,-5.199337582605575,110798.20289824497,45.6103586133389,36.80103243794255,214247.58529403972,417.5365851987574,3.87238735383182,July-August
DWARKESH,LT,URBAN,101358.52327926354,34530.98,13.967799577405257,276240.14999289194,117.96379533666779,-5.199337582605575,116583.24496529395,46.24411305650451,36.67256625508171,226866.81562041186,386.45206593613943,3.672192920782325,March-April
DWARKESH,LT,URBAN,104106.16276421554,33764.21,13.915026218687904,281139.56854281295,118.91745345379051,-5.199337582605575,119785.13948476169,46.383727022324294,37.45259168731293,232417.52694135543,352.3027467973381,3.4976708740275897,May-June
DWARKESH,LT,URBAN,94532.30513438293,33339.02,13.95508568289014,259082.67241664554,115.51229720083842,-5.199337582605575,108633.41802529168,45.33492212702984,36.86983480905416,209407.14767316013,447.3326683218142,4.062867836261122,November-December
DWARKESH,LT,URBAN,95610.09246795552,37033.54,14.051146473751439,265340.292099359,115.90754827909875,-5.199337582605575,109888.1297523445,45.37213825117606,36.563739604016085,211976.27282507863,487.6567494486469,4.294921923712707,September-October
GOODIES,LT,URBAN,156729.380197083,0.0,10.056278165033836,384803.05952834024,85.87023445255443,1.3808318199450476,178691.89715729942,22.930111382221746,19.37339353973123,316215.17668415164,377.7192666081919,3.5200201042207815,January-February
GOODIES,LT,URBAN,168505.13298164113,0.0,10.01961677695584,416145.650552222,87.79066001933954,1.8009348617541523,192298.3738402706,22.583041840080647,19.20289737748374,341542.3334448045,383.76777876269017,3.5200201042207815,July-August
GOODIES,LT,URBAN,174269.3751271549,0.0,10.075262017116936,431604.5649477169,88.69607702583839,1.9790643205739211,198963.31060067765,22.719703855523385,19.094182433913318,354019.81689976575,386.81528912970407,3.5200201042207815,March-April
GOODIES,LT,URBAN,177107.23879190066,0.0,10.052837728359743,439198.5472050104,89.1340313671614,2.146005875194095,202245.66271935072,22.690536834968306,18.990849804237758,360163.9141486818,387.8963114866043,3.5200201042207815,May-June
GOODIES,LT,URBAN,159753.3268339241,0.0,10.064308791772946,392844.7641605141,86.37291787831698,1.4072186946772125,182184.73651449414,22.85703855171418,18.92285237845072,322725.35057036695,379.06254220177306,3.5200201042207815,November-December
GOODIES,LT,URBAN,162394.34824638805,0.0,10.014746239731705,399841.2647990956,86.80644331450806,1.4631501609268354,185235.97645977285,22.935467970381602,19.42140381988695,328398.4224747194,379.97218061686834,3.51799492003386,September-October
GOODIES,LT,URBAN,146039.87244154682,0.0,10.021845978179494,356478.5772597543,84.03601185510237,1.3307632240977463,166351.9982545141,22.768440936237845,19.350349170585613,293285.46285452525,372.54664846011985,3.5220439839807476,January-February
GOODIES,LT,URBAN,167529.6537411049,0.0,10.08715528616066,413584.7427580582,87.63526769047947,1.6664816007483274,191170.76037961457,22.748214881080795,18.939999760814693,339466.01051510085,383.4675588959109,3.5200201042207815,July-August
GOODIES,LT,URBAN,164904.84638556032,0.0,10.122517052735462,406604.9587500968,87.21392240756249,1.524074748312304,188137.0163648514,22.778304435184275,19.191084342849653,333798.4051532872,382.82664223727915,3.5240665613903492,March-April
GOODIES,LT,URBAN,178706.8857193856,0.0,10.047422947841666,443488.53084197966,89.37870332009733,2.258662569833,204096.1602863541,22.686363166730775,18.988241784848274,363629.3471234823,388.6190849894802,3.51799492003386,May-June
GOODIES,LT,URBAN,160835.99788458913,0.0,10.10137114034687,395750.7205726742,86.5512506362121,1.4346234719128317,183435.49566704966,22.607055369273226,19.45583953529854,325003.7225822871,381.30048398902534,3.526087838520903,November-December
GOODIES,LT,URBAN,164662.58101713093,0.0,10.091289895676715,405937.0198684029,87.1747933362757,1.4929198543104119,187857.0382601137,22.683034026998534,19.08454682081251,333269.4994023763,382.4429843049215,3.5220439839807476,September-October
GORWA GAM,LT,URBAN,123245.83126243851,0.0,12.49419597061569,304339.2447570748,107.22170075974488,0.6342825931967565,138988.6421230167,40.09356937619144,38.82966122892405,248351.5337822291,418.87096647738224,3.7896842392441243,January-February
GORWA GAM,LT,URBAN,131556.78243588662,0.0,12.395494684133128,325113.4286492817,109.35672143769428,0.7751567995185533,148486.80379214464,39.65095307419159,38.68614602846843,265062.26273925917,425.8245297785251,3.784095891742765,July-August
GORWA GAM,LT,URBAN,130681.88063243493,0.0,12.348369546095197,322498.6774271577,109.13656081367357,0.7617400961219284,147486.5478821209,40.426876503547135,39.16857053290363,264159.9286041855,401.2065180121313,3.6760503607815664,March-April
GORWA GAM,LT,URBAN,132405.94515446044,0.0,12.470798542224646,327897.64944396936,109.56941222664514,0.7887145114786805,149457.71530418124,39.61046945430809,38.84157401306768,266628.3010203083,439.2103407809085,3.843219296180226,May-June
GORWA GAM,LT,URBAN,124228.37784256702,0.0,12.46512566463992,306641.8317089253,107.47934427288139,0.6713587257487601,140111.12212278857,40.15919885444194,39.06133320643267,250294.82311181974,417.9222718618649,3.780365010050171,November-December
GORWA GAM,LT,URBAN,128825.10503449435,0.0,12.353175533630525,317707.84754577436,108.66582720719859,0.7222845953625662,145364.0258071966,39.88747009452832,38.76321506319204,259684.72132741948,412.1669449485633,3.7333649682345387,September-October
GORWA GAM,LT,URBAN,114996.06578669405,0.0,12.428050998264103,282554.3137489856,104.99866533124494,0.5278411957214099,129568.62341341954,39.78177727028319,38.98325270868278,230491.51707169638,417.5024048868791,3.8248573479202097,January-February
GORWA GAM,LT,URBAN,138895.1672656629,0.0,12.413717022795856,344383.0334062295,111.16358904752049,0.9489825601520824,156879.9610028032,40.1034751263999,38.659965209990425,281264.9515804504,418.3536397033352,3.7200821797145043,July-August
GORWA GAM,LT,URBAN,132911.79800279433,0.0,12.436256714134904,328945.08897160395,109.6956534406433,0.8162754198753535,150036.13330010144,39.56431696841268,38.80412215760944,267645.9678784024,436.35244108110624,3.8285379448662225,March-April
GORWA GAM,LT,URBAN,137720.65615329423,0.0,12.479896421342987,341820.29701631353,110.87903521553613,0.9029849838829637,155536.23843235118,39.72722290003195,39.21446788157106,277627.13293751155,447.1961909324747,3.854187536750957,May-June
GORWA GAM,LT,URBAN,130590.77812448615,0.0,12.492220103563364,323350.99166629126,109.11357561694115,0.748459131939114,147382.39736308574,39.751251530668874,39.36396794975325,262559.66100296116,445.1169732139925,3.881449847326392,November-December
GORWA GAM,LT,URBAN,129393.0539678212,0.0,12.368111814961491,319289.74604084826,108.81032382861716,0.735308891326281,146013.219045351,39.57527939765022,39.30753684488157,259806.85893023398,434.54690587612333,3.837721459014732,September-October
GORWAS SST,LT,SST,955.8746746765552,0.0,0.0,1527.706532433436,26.949491662534307,-5.199337582605575,1022.2434503048459,0.0,0.0,1376.901785521999,309.5956604816872,3.450418148397977,January-February
GORWAS SST,LT,SST,1093.2576096565372,0.0,0.0,1766.9446542701185,28.20535508391293,-5.199337582605575,1171.1864905403568,0.0,0.0,1588.7882160335182,309.60466911747307,3.450418148397977,July-August
GORWAS SST,LT,SST,1060.7638236612527,0.0,0.0,1710.1195838814124,27.9189040141072,-5.199337582605575,1135.9353700489685,0.0,0.0,1538.5045000290643,309.6024967499417,3.450418148397977,March-April
GORWAS SST,LT,SST,1015.502961221289,0.0,0.0,1631.211420519561,27.50933850541378,-5.199337582605575,1086.8574227349152,0.0,0.0,1468.6348893383172,309.5995116068465,3.450418148397977,May-June
GORWAS SST,LT,SST,1028.7081798027307,0.0,0.0,1654.2036121723145,27.630148407003485,-5.199337582605575,1101.1734115205422,0.0,0.0,1488.9989515054629,309.6003775305878,3.450418148397977,November-December
GORWAS SST,LT,SST,1033.2522443561702,0.0,0.0,1662.1212269340035,27.671468427985555,-5.199337582605575,1106.1005588644914,0.0,0.0,1496.0109045321274,309.60067376683713,3.450418148397977,September-October
GORWAS SST,LT,SST,944.1693421422369,0.0,0.0,1507.4504785881056,26.83669811198824,-5.199337582605575,1009.5653287051031,0.0,0.0,1358.9377440540338,309.59491607459506,3.450418148397977,January-February
GORWAS SST,LT,SST,1036.4573266056827,0.0,0.0,1667.7075455002907,27.700539172773645,-5.199337582605575,1109.5764698164141,0.0,0.0,1500.9585548361615,309.60088644901475,3.450418148397977,July-August
GORWAS SST,LT,SST,1106.4055948917314,0.0,0.0,1789.9783553074367,28.319543472147387,-5.199337582605575,1185.453788496174,0.0,0.0,1609.1625098415984,309.6055502111842,3.450418148397977,March-April
GORWAS SST,LT,SST,1132.9984792238688,0.0,0.0,1836.6358734645762,28.54759574336846,-5.199337582605575,1214.3183100161734,0.0,0.0,1650.421597030268,309.60735796084407,3.450418148397977,May-June
GORWAS SST,LT,SST,1002.262717536925,0.0,0.0,1608.183407182842,27.387085729740505,-5.199337582605575,1072.5061152133817,0.0,0.0,1448.234759665849,309.5986456795346,3.450418148397977,November-December
GORWAS SST,LT,SST,999.6410816416939,0.0,0.0,1603.626757483711,27.362739656472204,-5.199337582605575,1069.6643459130332,0.0,0.0,1444.196933485673,309.5984785703441,3.450418148397977,September-October
GUJ.HOUSING BOARD,LT,URBAN,96589.26693343188,0.0,14.40293140040596,285915.87552667124,114.68074666117276,0.18581525458906234,110016.56047664382,49.07826588679416,40.82073403299084,224116.756651493,553.6900648102322,4.626890019124845,January-February
GUJ.HOUSING BOARD,LT,URBAN,110716.1078362144,0.0,14.421117079671472,321090.4552170189,119.49359430603566,0.27817699433226833,126330.66399255318,49.23411383900204,41.67605600356619,252186.16767541762,568.4203427056802,4.557538582894971,July-August
GUJ.HOUSING BOARD,LT,URBAN,112245.54865243465,0.0,14.376896133187607,322409.69016049517,119.98792014403699,0.28857272979767845,128098.5944665103,49.13231795635269,41.47123952041039,255035.71988557754,546.3865937922561,4.425553937293571,March-April
GUJ.HOUSING BOARD,LT,URBAN,106376.96759860798,0.0,14.50359759255254,315381.83022879605,118.06421362711156,0.2574741747442128,121316.64888291399,50.10920471674754,40.96629721594951,249046.474019041,548.4299526955643,4.4639788238333775,May-June
GUJ.HOUSING BOARD,LT,URBAN,101366.83814645579,0.0,14.432660331743334,299082.8098305474,116.36128773057159,0.2061760612820006,115530.59085696933,49.10547001007113,41.44155581984871,233002.42505515378,578.6155093865775,4.7206923649048695,November-December
GUJ.HOUSING BOARD,LT,URBAN,103978.98193991308,0.0,14.41449386695749,304346.3996122852,117.25642633687858,0.23688113709545863,118546.83084135651,49.3197310265857,41.0462893730902,239861.16021793248,548.6753502471965,4.511061643942598,September-October
GUJ.HOUSING BOARD,LT,URBAN,98140.74055388357,0.0,14.438838600773297,291700.0336868137,115.23283942589079,0.1959855016504243,111806.81304128432,49.86193726726985,40.71937671157704,231557.1857172749,519.8932331237033,4.388272997385756,January-February
GUJ.HOUSING BOARD,LT,URBAN,112628.92297870356,0.0,14.516152358566478,331316.3148280691,120.11107828648157,0.2989997464100545,128541.79857791102,49.71264508956299,41.18892198540498,259177.21924147452,586.4622081698689,4.619574450833298,July-August
GUJ.HOUSING BOARD,LT,URBAN,104418.33185416045,0.0,14.478790263148024,309151.4574341873,117.40540953976577,0.24716455360382733,119054.24511400498,49.24240129110412,41.442079616263555,239833.9232409808,596.4952486351052,4.781466436547431,March-April
GUJ.HOUSING BOARD,LT,URBAN,109177.69329318787,0.0,14.428061588979979,317730.50774032815,118.99144781314475,0.2678112359596948,124552.67981659353,49.81211672268039,40.85170083668114,253165.0713501901,519.4486065430827,4.288502600750185,May-June
GUJ.HOUSING BOARD,LT,URBAN,102522.82594532434,0.0,14.405777200733164,300336.44013889186,116.75942381086699,0.21638807743058905,116865.28622460579,49.78634496965139,40.82374104875036,239726.30368597383,505.88492481182203,4.272402665729056,November-December
GUJ.HOUSING BOARD,LT,URBAN,102555.44026219794,0.0,14.454262997514098,303204.4080928505,116.77061016105164,0.22662271024662833,116902.94511328684,49.02813651381443,41.359765738821864,235095.7804929621,593.9458109530043,4.79685565154425,September-October
INORBIL MALL,HT,HTEX,110729.67068448805,116.29,0.0,263578.5010327148,0.0,1.08282870436508,127373.51569403255,0.0,0.0,221162.4147820915,260.39340408807465,3.1067876297373527,January-February
INORBIL MALL,HT,HTEX,127659.40823623387,119.11,0.0,307530.7131657236,0.0,1.2838250195629306,147119.1640375315,0.0,0.0,257395.58960675955,247.69465976946586,3.1067876297373527,July-August
INORBIL MALL,HT,HTEX,120268.28808855801,126.82,0.0,288277.59076002054,0.0,1.1773801108161188,138494.22005110673,0.0,0.0,241535.11914968182,253.4311480963667,3.1067876297373527,March-April
INORBIL MALL,HT,HTEX,122708.07799678753,115.25,0.0,294622.58805798803,0.0,1.239556598344432,141340.5521267258,0.0,0.0,246763.657014339,251.58275808089647,3.1067876297373527,May-June
INORBIL MALL,HT,HTEX,120915.41342061461,111.62,0.0,289959.8636914394,0.0,1.1975925002551069,139249.10352041462,0.0,0.0,242921.2466474448,252.9566383242403,3.1067876297373527,November-December
INORBIL MALL,HT,HTEX,119267.39782245598,130.73,0.0,285677.7805904739,0.0,1.1576376152168364,137326.76729241444,0.0,0.0,239392.21121739023,254.18039289203702,3.1067876297373527,September-October
INORBIL MALL,HT,HTEX,116045.31756022644,119.64,0.0,277321.69369694195,0.0,1.119450007425947,133569.3547856878,0.0,0.0,232501.88297982034,256.5778659200418,3.1067876297373527,January-February
INORBIL MALL,HT,HTEX,126972.74182709983,120.95,0.0,305737.9492325769,0.0,1.2613818211041452,146317.591167422,0.0,0.0,255919.4588941164,248.24030783130937,3.1067876297373527,July-August
INORBIL MALL,HT,HTEX,118897.82943321946,127.91,0.0,284718.4241372956,0.0,1.1383363052121096,136895.7295592994,0.0,0.0,238601.2659024134,254.45992614599223,3.1067876297373527,March-April
INORBIL MALL,HT,HTEX,128045.07204845804,120.18,0.0,308537.90347032767,0.0,1.306934199853898,147569.38909235052,0.0,0.0,258224.8844342394,247.38469113297543,3.1067876297373527,May-June
INORBIL MALL,HT,HTEX,116015.83130212662,125.85,0.0,277245.11259417847,0.0,1.100954788890461,133534.9757671791,0.0,0.0,232438.8856065494,256.5932225194745,3.1067876297373527,November-December
INORBIL MALL,HT,HTEX,121644.58398107022,127.83,0.0,291855.27930114,0.0,1.218306371511817,140099.75696982417,0.0,0.0,244483.70303753315,252.38495784868357,3.1067876297373527,September-October
KARODIYA ROAD,LT,URBAN,114416.4608617023,10862.4,14.113008771573119,314976.4901623366,122.43891015111132,-5.199337582605575,132680.78280955573,46.682437787330635,39.70899224587337,254289.89459976836,468.3906874095241,4.01972516893406,January-February
KARODIYA ROAD,LT,URBAN,134714.71527195023,10664.76,14.135844142868155,366919.97470690036,128.5950516980256,-5.199337582605575,156550.4592412713,46.575093116793866,39.66170147646022,296727.90605139965,473.4959333691273,3.9263948283301278,July-August
KARODIYA ROAD,LT,URBAN,138679.21138752127,10007.33,14.12588441096902,376618.74387314514,129.71910616401195,-5.199337582605575,161218.18452910628,46.40966217097883,38.99346471002159,305205.4274303025,464.7057905213603,3.8705718741255652,March-April
KARODIYA ROAD,LT,URBAN,131158.3126439074,9514.64,14.07507313984334,355533.39232359326,127.56652157330926,-5.199337582605575,152364.7303207449,47.26264623177598,39.05208894426209,292409.19802204974,374.9930900610288,3.532143888872767,May-June
KARODIYA ROAD,LT,URBAN,121119.60009963192,10090.92,13.995714783126138,327203.5681924846,124.55207459168844,-5.199337582605575,140557.6842218646,46.74802974287501,39.8486559879984,268447.351926947,392.17819070622494,3.629452111793728,November-December
KARODIYA ROAD,LT,URBAN,121482.13721223442,10396.1,14.080716772570854,331330.48371021013,124.66397043199561,-5.199337582605575,140983.86799243247,47.31279078619538,39.724650031756255,271581.0295195784,397.5054228941715,3.6470059663587246,September-October
KARODIYA ROAD,LT,URBAN,112454.72682505833,10571.44,14.129952755448361,310824.6462175008,121.80387343309883,-5.199337582605575,130376.65354609673,46.49260848632169,39.045014457392085,250134.05913084385,480.0212972214718,4.093594797112077,January-February
KARODIYA ROAD,LT,URBAN,129486.83474296305,9371.52,14.109436300577512,352656.6857714079,127.07626442401863,-5.199337582605575,150397.9805035147,46.35069389748855,38.975756778699655,285479.9923176674,465.5288276455929,3.9192443140138997,July-August
KARODIYA ROAD,LT,URBAN,125560.79812785714,10688.56,14.06338376313404,340901.7994782083,125.90677758252262,-5.199337582605575,145779.69979255297,46.817958109565645,39.38241874534978,278540.5792209981,415.7545366379593,3.7143728344994074,March-April
KARODIYA ROAD,LT,URBAN,123707.74803389201,10554.19,14.11963749437625,338475.2621110447,125.34574759754105,-5.199337582605575,143600.56435894102,46.90905619101331,39.6365406947489,274735.44067092205,449.7338353664671,3.87238735383182,May-June
KARODIYA ROAD,LT,URBAN,125309.28153903212,10201.85,14.136776498385611,343214.4045422047,125.83097498285817,-5.199337582605575,145483.89861472594,46.98282056433695,39.52258538025335,278510.8671672021,451.84353830373465,3.8742018380728545,November-December
KARODIYA ROAD,LT,URBAN,125322.28685037936,10974.14,14.116754989440109,342403.3652106967,125.83489722900326,-5.199337582605575,145499.19371985734,47.44443442448611,39.8127188712389,280093.5222516815,409.2636072825185,3.6837513911246704,September-October
LABH,LT,URBAN,55656.68486173993,0.0,12.955941334778688,141616.17713627912,98.24045920128673,-5.199337582605575,63674.044574593885,28.770552843500635,33.87544069791762,104918.92359175849,523.6115361284318,5.625843501313707,January-February
LABH,LT,URBAN,64414.80019157198,0.0,13.038434575304143,163756.69557755225,102.69036276208404,-5.199337582605575,73833.54864116409,28.990291452400363,34.30875495688574,122791.77988389015,535.4742914874661,5.440734747733149,July-August
LABH,LT,URBAN,62238.276762883215,0.0,13.044203351372994,158665.4917216869,101.62673458779147,-5.199337582605575,71306.98385127026,28.80913838721989,34.16596474271618,118298.90753114372,536.913700137421,5.521591246731571,March-April
LABH,LT,URBAN,63831.33006722648,0.0,13.043156173933262,162443.67016558442,102.40776862112945,-5.199337582605575,73156.1311114057,28.973361801881854,34.22124683333082,121634.18410172657,535.8462165198099,5.460805601812112,May-June
LABH,LT,URBAN,59470.617306610984,0.0,12.998240794213517,151315.94184436064,100.23534582729873,-5.199337582605575,68095.87326659664,29.07527623916664,34.612387569860125,112404.34458672394,532.5976156032675,5.579199237802313,November-December
LABH,LT,URBAN,60144.8518984985,0.0,12.955802785499033,152222.85717527277,100.57847608691505,-5.199337582605575,68877.96261626513,28.844167541642346,33.70742532247159,114292.64536754583,520.6965265059267,5.439551010125373,September-October
LABH,LT,URBAN,56713.92896731954,0.0,12.970835681212481,144348.9083428674,98.80294532611995,-5.199337582605575,64899.41837393954,29.264977786235114,33.705499543877856,107446.05457515377,521.7264454443462,5.563150295471424,January-February
LABH,LT,URBAN,67330.00721316403,0.0,12.96841115454985,169606.5877952365,104.07567596905704,-5.199337582605575,77219.32537683673,28.866630968242713,34.57185783345799,128603.23398610263,526.5097202649181,5.28016147484823,July-August
LABH,LT,URBAN,60670.05886026721,0.0,13.004081855024081,154257.9422032598,100.84387413502442,-5.199337582605575,69487.2637785632,28.861765267979667,34.603696117090365,114782.39107662874,534.1459039291756,5.553951266250775,March-April
LABH,LT,URBAN,67530.8035298839,0.0,12.96490430755177,170035.22382316217,104.16951350467025,-5.199337582605575,77452.60491807597,29.03854835430967,34.05787898727505,129440.25859477639,521.2061401689917,5.224336529870943,May-June
LABH,LT,URBAN,59229.03825971371,0.0,13.036829279609357,151400.26768952917,100.11172916762973,-5.199337582605575,67815.67755670263,28.767397297415187,34.559631521491504,111795.35319292726,539.6846254969711,5.654029170513495,November-December
LABH,LT,URBAN,62014.1141625412,0.0,13.037709655324525,158020.66087715805,101.51569698173407,-5.199337582605575,71046.83443859547,29.24681118314754,34.120279364623535,118077.59685765865,533.405595079803,5.494817001463956,September-October
PANCHAVATI,MX,URBAN,120929.74828994847,0.0,10.42664324758298,291061.86707656423,105.05306209291017,0.683922818174184,135713.66026482178,32.366846026582365,33.898791813245516,236926.1503950441,428.0963698931322,3.863299973560487,January-February
PANCHAVATI,MX,URBAN,149230.02335019727,0.0,10.284555795982858,365106.55108109815,111.94353035761007,1.0650515784911232,167931.0336030711,32.526127799488506,33.827020842766785,296458.66778137593,452.3616991900961,3.83588680516626,July-August
PANCHAVATI,MX,URBAN,136494.75263156145,0.0,10.373295850205894,331641.82887884165,108.96924525114024,1.0136349544591927,153422.23235580142,32.49807862529726,34.141702668326566,269451.8732853161,443.7967722087191,3.8578355292009494,March-April
PANCHAVATI,MX,URBAN,134585.88211993326,0.0,10.322557362249169,326588.0045044245,108.50663129376751,0.9647673465093178,151249.00442870188,32.537612588008436,34.07566165621932,265503.6333952836,440.07863890580336,3.8505355078172436,May-June
PANCHAVATI,MX,URBAN,133104.49941566156,0.0,10.350143547115545,322733.32496514695,108.14439476659199,0.9181014858355347,149562.742000877,32.51483294439933,33.64520879491228,262597.5853505937,435.293634519657,3.834051128241288,November-December
PANCHAVATI,MX,URBAN,130322.44976043238,0.0,10.294460487891255,315403.5208953512,107.45629376344125,0.8733540662335921,146396.58616982054,32.624924649654844,33.53160001743251,256897.14759041776,429.27770899153796,3.81932871192409,September-October
PANCHAVATI,MX,URBAN,132310.3491726369,0.0,10.32517437431147,320630.9328187454,107.9490235648265,0.8880720575819885,148658.85839174583,32.8412132916663,33.52691674631632,261208.0319162261,429.0335565763148,3.8082434315161446,January-February
PANCHAVATI,MX,URBAN,146900.45882882742,0.0,10.42154089331246,359078.5961357861,111.41333104681541,1.0476048171508066,165275.80839591534,32.42496167708934,33.5239838242418,291619.7382438965,450.4227613522717,3.837721459014732,July-August
PANCHAVATI,MX,URBAN,136086.70453893437,0.0,10.425829804623202,330623.63262237725,108.87074319042289,0.9970811958868121,152957.64076760266,32.396790131757264,33.940430675493374,268632.9726256433,443.47144957301896,3.8578355292009494,March-April
PANCHAVATI,MX,URBAN,143971.46972177894,0.0,10.34365452531741,351276.9661700779,110.73815715263244,1.030471243436395,161938.13824547786,32.56157847354974,33.57863252267044,285502.87878163595,445.234363609091,3.8285379448662225,May-June
PANCHAVATI,MX,URBAN,136013.5122656228,0.0,10.394169344802405,330399.7711261245,108.85305249243291,0.9807962516274743,152874.30816960512,33.02414788676793,33.74416191407047,268993.7785200561,433.5419685758088,3.811942687866568,November-December
PANCHAVATI,MX,URBAN,133280.53990070312,0.0,10.354059223279517,323198.0246851473,108.18759077230537,0.9334307505144632,149763.11657886195,32.677754692006886,33.543156389878696,263123.2455037906,432.6531466655796,3.821172624575989,September-October
SAHYOG ROAD,LT,URBAN,111544.69011786267,22009.4,14.190333032831546,310849.94609573745,122.58084569917533,-5.199337582605575,132670.9419181736,48.57219027245948,40.21654545106335,261845.08816598295,146.1775078837896,2.897710345997538,January-February
SAHYOG ROAD,LT,URBAN,116845.61532807122,22276.84,14.245515824765883,326495.6206751288,124.30338680168113,-5.199337582605575,139059.54646463247,48.05423334857999,39.701601578458586,271333.22904805565,303.280402307025,3.2867509573076243,July-August
SAHYOG ROAD,LT,URBAN,118014.09710621709,21427.97,14.280995129130968,331106.8973111975,124.67558439248637,-5.199337582605575,140468.29697430262,48.11402121566032,40.20745977730236,273563.9091630904,347.0399543757602,3.4421266191838824,March-April
SAHYOG ROAD,LT,URBAN,125246.26193440829,23271.64,14.219674232908892,346236.68923400145,126.92282040987241,-5.199337582605575,149191.53287462713,48.21105919081377,40.26505341438958,289478.11905546556,223.32388541619682,3.081167632582659,May-June
SAHYOG ROAD,LT,URBAN,111497.01962726635,22623.65,14.258297847384892,313866.0381729731,122.56509377388784,-5.199337582605575,132613.50772234396,48.32143413445548,40.221854624668765,260568.85994937806,316.7157441162175,3.3344115628773046,November-December
SAHYOG ROAD,LT,URBAN,110239.8489150001,20671.34,14.295831078346994,312667.7479210936,122.14794359679479,-5.199337582605575,131098.9615681242,47.71932307417147,40.40185218003583,254994.1273633932,422.7846879273067,3.7934045050150336,September-October
SAHYOG ROAD,LT,URBAN,110148.55463540462,23477.77,14.2327118205349,309305.7964071904,122.11751921006625,-5.199337582605575,130988.98562246429,48.33980869821827,40.15204509998956,257864.32975412576,284.5421189213849,3.2205263838966944,January-February
SAHYOG ROAD,LT,URBAN,118833.78901758931,22375.15,14.289919519469134,333544.8927766314,124.93512145355864,-5.199337582605575,141456.64589830174,47.58658812923528,39.90280951213351,273372.327662981,398.017093936093,3.6470059663587246,July-August
SAHYOG ROAD,LT,URBAN,115172.48061372907,21060.3,14.2510525606182,322646.2814700371,123.76580817560537,-5.199337582605575,137042.69254992183,48.0207595096368,39.66676271196192,267642.8218328915,319.7529623416051,3.3451403782889995,March-April
SAHYOG ROAD,LT,URBAN,112832.47741323036,20780.36,14.269542129032144,317755.4512791137,123.0045754941332,-5.199337582605575,134222.61089025144,48.318598697054476,39.95398220298412,263690.4935796508,318.4195792897192,3.340853369637712,May-June
SAHYOG ROAD,LT,URBAN,113706.95516412419,20867.24,14.307902127790202,321794.0930051364,123.29035561547238,-5.199337582605575,135276.40985912704,48.54606698662432,40.17868089259783,266363.4462125757,336.028387817885,3.404537879086165,November-December
SAHYOG ROAD,LT,URBAN,111577.81287920731,21236.75,14.295975711638901,315945.6526043899,122.59178778208556,-5.199337582605575,132710.84906920663,47.99575164830995,40.401955508259725,259063.47194404894,395.35234656629524,3.6586552906441305,September-October
SAMTA,LT,URBAN,94010.71212304711,31981.08,14.28345377226223,272276.77494998707,114.99974890313565,0.06495833838245363,111903.37935069161,48.63566772570228,40.1496706097134,225926.11512014671,332.78786443622175,3.4129304768588278,January-February
SAMTA,LT,URBAN,113861.44254129156,28944.58,14.28717015908143,320901.8857791596,121.82698276925488,0.17566419137629094,135869.33138586386,47.664211433295485,39.33583015510954,264346.1013366273,368.3210840478171,3.534159985495526,July-August
SAMTA,LT,URBAN,111846.10725667658,31349.35,14.29632231836411,316312.416369572,121.1744372324363,0.15541517207663597,133433.55417132314,47.689622951676284,39.89251739995167,259562.10032950668,391.16592799718273,3.6392161449617726,March-April
SAMTA,LT,URBAN,109628.6099368679,32005.47,14.332868803616494,312698.49483945855,120.44670506037168,0.1453150262804423,130754.09753655903,47.747763920642,40.03960012894806,254912.34404299245,424.80451350556626,3.8026867088595506,May-June
SAMTA,LT,URBAN,107226.98766186718,29900.12,14.333320206553461,306912.7016568146,119.64664929934582,0.1251580764115181,127852.95160388756,47.57517895240715,39.37260405400816,249743.14786380393,432.3790566700232,3.852362027535149,November-December
SAMTA,LT,URBAN,104391.3368732683,31768.29,14.256256532056629,296057.25585795287,118.6854382271292,0.09501515573920909,124428.58822899079,47.85184236879226,40.10685152304607,244141.7328683128,364.51367333764733,3.5402005435136825,September-October
SAMTA,LT,URBAN,94487.63664559199,28395.94,14.28110931247821,273416.7125942244,115.17526163418702,0.07496941859312706,112478.45539724368,48.54829852361576,39.47560261616036,227233.95210679932,322.86598772802245,3.3664858490315814,January-February
SAMTA,LT,URBAN,107542.48142000534,29721.29,14.213356272073963,301801.5166948172,119.75247214948952,0.13522968315174147,128234.01866069876,48.70834397799518,39.802289944593156,255138.2123291639,0.0,2.793625101927803,July-August
SAMTA,LT,URBAN,113051.30109143342,33390.87,14.311985978318328,320000.1603796137,121.5656614555052,0.1655311975677402,134890.10928572618,48.67462829419946,39.58899897414664,266911.9720697884,273.42910112299603,3.191369688977534,March-April
SAMTA,LT,URBAN,105553.29987297811,30813.77,14.269874948097824,299590.26624084567,119.08153016375753,0.10505185578452286,125831.64375698424,47.749487820768586,39.23747893813211,247077.36205058914,363.63381053948814,3.532143888872767,May-June
SAMTA,LT,URBAN,104220.6926912624,28430.35,14.324380979567637,299167.45708950766,118.6270053135148,0.08498801820079223,124222.55464493693,47.751543049208735,40.16326279266782,243269.97105738585,434.11718951717063,3.8778278255534047,November-December
SAMTA,LT,URBAN,105948.54770614246,28532.96,14.322695616908675,303285.25856064144,119.215556432251,0.11509914970302641,126308.94623327584,48.364806742303095,39.76930776375493,250161.02185297277,362.3692314242394,3.5240665613903492,September-October
SANGRILA,LT,URBAN,105709.06108918361,1702.16,13.581200328221025,276171.63262221206,119.85236981993434,-5.199337582605575,122984.6123090169,43.218685903079574,36.858402964665224,228197.82915084096,355.68535347951143,3.51799492003386,January-February
SANGRILA,LT,URBAN,117376.16186219969,1797.44,13.616916108943325,306427.4058046352,123.68569827526618,-5.199337582605575,136743.9409132441,43.67238269992315,36.339804400903915,254502.30682552027,316.2174344734214,3.3344115628773046,July-August
SANGRILA,LT,URBAN,121345.54046377013,1848.6,13.553808750023997,314947.9234221904,124.92795176274383,-5.199337582605575,141429.27631655795,43.986842886593024,36.25806245607827,263879.9289662172,228.39948340735816,3.062393441092967,March-April
SANGRILA,LT,URBAN,124971.40828428118,1867.9,13.582239874918542,324861.4315482063,126.03770786411415,-5.199337582605575,145710.88126326597,43.361938346952016,36.6915831214654,269590.44444664184,315.73113654945666,3.3301094652449184,May-June
SANGRILA,LT,URBAN,110625.07787853827,1950.5,13.546116895063987,287634.0443424391,121.50248927984825,-5.199337582605575,128779.92154516537,43.418642310971684,36.82543863397386,239144.99575943383,315.54088705966404,3.332261271796364,November-December
SANGRILA,LT,URBAN,110322.2666266767,1758.84,13.586777514503089,287877.9514395248,121.40237033728339,-5.199337582605575,128422.85061053754,43.628315828191184,36.80944686783322,239102.27483424282,322.36657692087715,3.360097802008052,September-October
SANGRILA,LT,URBAN,104831.64991702916,1864.33,13.551766641214103,273239.01202309516,119.55215005426425,-5.199337582605575,121950.62810871162,43.67997485938091,36.92300392900093,227596.5067560547,308.5621389631292,3.3041686096851524,January-February
SANGRILA,LT,URBAN,126449.61816319491,1824.08,13.570335932459479,328350.4620032024,126.48357499325071,-5.199337582605575,147456.8899837519,43.655169958915764,36.66351205987282,273556.3784302523,279.57509840267033,3.2138230687069615,July-August
SANGRILA,LT,URBAN,113571.54861914397,1921.41,13.618472876219737,296855.5941266055,122.46666379690764,-5.199337582605575,132255.01749512486,43.64864136214835,36.85547549287184,245995.3508253111,334.824685636519,3.4108344636200516,March-April
SANGRILA,LT,URBAN,121719.64814331505,1794.95,13.608527863684602,317230.3160392976,125.04353499492976,-5.199337582605575,141870.96514927497,43.07945272018855,36.521824206281416,262029.57590099596,351.58378029773775,3.4689936779965653,May-June
SANGRILA,LT,URBAN,112591.04656462173,1701.54,13.523077738563408,292049.0201144271,122.14780839562668,-5.199337582605575,131098.47270653903,43.05552486198706,36.39456255181596,242644.96734407393,318.8116830847023,3.3451403782889995,November-December
SANGRILA,LT,URBAN,114477.72270513294,1839.29,13.612049283567172,298979.0785403508,122.75961322683636,-5.199337582605575,133324.00453050656,43.26904976566519,36.409524331691955,247201.01311990264,348.53602169820755,3.4669351924433904,September-October
SHREENATHJI,LT,URBAN,99830.3257051504,81562.15,14.088487256970504,275754.93750920583,118.13517387296565,-5.199337582605575,117154.08401037182,45.80327912918913,38.55945055531353,224607.73787546344,422.6609693616873,3.8687553976018974,January-February
SHREENATHJI,LT,URBAN,116402.89503761794,80472.05,14.05896102508611,315613.10203112784,123.72082045155176,-5.199337582605575,136874.86373776666,46.56726789433358,38.6530084737096,262356.76529883285,305.9355093046434,3.295472275248001,July-August
SHREENATHJI,LT,URBAN,115744.20258992935,83604.59,14.010222395553981,312000.84439417406,123.50999110646471,-5.199337582605575,136090.31076658436,46.05414519236003,38.88067402719918,258838.10002736995,322.62259726368376,3.355831699506161,March-April
SHREENATHJI,LT,URBAN,117394.6165643747,78884.36,14.070168156064547,318584.26744107564,124.0366498902425,-5.199337582605575,138056.1885152084,45.98358595135851,38.327333306345935,262605.4246790448,364.5908308629235,3.5200201042207815,May-June
SHREENATHJI,LT,URBAN,104880.56389870575,88479.72,13.9826147490644,283769.79686777986,119.90296824371853,-5.199337582605575,123159.49249265427,45.91478482696469,39.059531731376936,235146.74650572357,338.07772703520544,3.429647656089193,November-December
SHREENATHJI,LT,URBAN,105259.03907024972,87140.35,14.032088764490243,286642.97145555913,120.03299290703528,-5.199337582605575,123609.70337871104,46.692564692619946,39.00421578806568,238968.3746067833,296.558152765667,3.2582319625894134,September-October
SHREENATHJI,LT,URBAN,100699.66361276832,85521.61,14.020255121219678,274994.12153145694,118.4439369730778,-5.199337582605575,118187.56779831841,46.147621428878864,38.78870255366664,227495.52166544783,349.3571331571025,3.4874591975724156,January-February
SHREENATHJI,LT,URBAN,116635.23171259969,74587.28,14.087604085439205,317512.54772842134,123.79498278865232,-5.199337582605575,137151.60835760535,46.23547940249006,38.05168255060518,262142.72738634673,354.52204276965386,3.47926577831873,July-August
SHREENATHJI,LT,URBAN,117093.5675805711,89520.18,14.018787255759845,315521.17412372783,123.94097716823993,-5.199337582605575,137697.56948518447,46.75555993608448,38.120052579931304,265021.38110243925,192.3238438587583,2.9836461923389597,March-April
SHREENATHJI,LT,URBAN,108733.16436478205,78175.02,14.014085936145202,294833.96907287143,121.21127581414672,-5.199337582605575,127743.28238774142,45.99432708174699,38.04483195095597,244517.2415422644,330.0817819469765,3.391906041854419,May-June
SHREENATHJI,LT,URBAN,105127.28445102187,83069.24,14.062232079422294,287645.0879362156,119.98776654384383,-5.199337582605575,123452.97380973332,46.296198474369525,38.37309352840742,237749.6990667238,352.43308378600227,3.4935902013354916,November-December
SHREENATHJI,LT,URBAN,106289.24473660658,88873.11,14.07018864391166,290653.475806037,120.38524378288032,-5.199337582605575,124835.27933621361,45.626790253351786,38.473861340077256,237645.23694682328,408.22586816115466,3.759768555471206,September-October
SUBHANPIRA SST,LT,SST,1002.0769892647176,0.0,9.827079398529738,3785.3653176485514,28.89098382282517,-5.199337582605575,1258.7219331352348,22.12140203095198,15.237986964612436,3372.8053678640913,309.60450201307646,3.3622286293684205,January-February
SUBHANPIRA SST,LT,SST,1146.9917761659874,0.0,9.93014360217548,4196.5321661458765,30.231643934876384,-5.199337582605575,1443.2232319232921,22.50160186123354,15.225281479837351,3750.1911586395495,309.4669603772816,3.2316654084169567,July-August
SUBHANPIRA SST,LT,SST,1175.0634860821147,0.0,9.813409113279551,4001.104617677426,30.47723939906514,-5.199337582605575,1478.9990758992742,22.177086333278464,15.248288600703392,3656.909858424935,308.81753813884905,2.507729517181631,March-April
SUBHANPIRA SST,LT,SST,1162.643751747811,0.0,9.848371698309114,4051.3037438453766,30.369098497033097,-5.199337582605575,1463.16916352114,22.088567098546026,15.127794021007645,3609.977464281323,309.57455019962225,3.3301094652449184,May-June
SUBHANPIRA SST,LT,SST,1090.9989199185652,0.0,9.91797115691679,4092.8935743099814,29.728723586057132,-5.199337582605575,1371.8964231961302,22.029993009228086,15.19925068387997,3472.2812785785413,311.0099589969642,4.44097342009023,November-December
SUBHANPIRA SST,LT,SST,1035.3141921142308,0.0,9.85691048765491,3890.310309092842,29.210064439256204,-5.199337582605575,1301.0096731328133,22.37047697844785,15.258269097367306,3524.573429942704,309.11416924158925,2.8397945467657877,September-October
SUBHANPIRA SST,LT,SST,995.0779636778428,0.0,9.856384414537478,3834.269315299195,28.822836881597368,-5.199337582605575,1249.8191953288065,22.240143895905625,15.17686274676683,3415.481656415897,309.6069098226733,3.364357977530349,January-February
SUBHANPIRA SST,LT,SST,1059.9495493312363,0.0,9.90719317821669,4027.446893642168,29.441910217486246,-5.199337582605575,1332.3652244311106,22.153954537746053,15.030249540601842,3485.958218442308,310.4236446734016,4.043952678340563,July-August
SUBHANPIRA SST,LT,SST,1091.8597656411127,0.0,9.826237109527318,3908.007270608921,29.736596017113374,-5.199337582605575,1372.9931277085363,22.581570565454925,15.042047841494492,3713.162013648611,307.6663908239745,0.0,March-April
SUBHANPIRA SST,LT,SST,1066.6966902576653,0.0,9.804854909458275,3831.457019055983,29.50473490635489,-5.199337582605575,1340.9538279770966,22.060672305178493,14.942156022812757,3463.857050210949,309.19047998613746,2.920055576653164,May-June
SUBHANPIRA SST,LT,SST,1071.4864926563366,0.0,9.822787670637572,3872.8103456708827,29.549166234596207,-5.199337582605575,1347.0517210938167,22.124481749599003,15.26647390335894,3476.2283032809173,309.38634015219844,3.1390760827245514,November-December
SUBHANPIRA SST,LT,SST,1050.0081397191716,0.0,9.903147994892956,4005.339920762381,29.34881256057574,-5.199337582605575,1319.7103618157032,21.971049059956282,15.095787012511249,3393.3673355900205,311.0174511466699,4.473139834742788,September-October
SUBHANPURA ROAD,LT,URBAN,107467.80896904723,41081.82,14.203556882761058,300812.5578940625,119.5309060151176,-5.199337582605575,121877.6978051156,48.14160816368341,41.415997463450324,239396.51585014717,516.0546461640321,4.330020101006097,January-February
SUBHANPURA ROAD,LT,URBAN,121458.71086171395,41981.54,14.15908034017009,333533.3878267624,124.01190403656993,-5.199337582605575,137963.36742031938,48.70371518658237,41.111513349268805,270782.8443439375,447.78907110282194,3.8742018380728545,July-August
SUBHANPURA ROAD,LT,URBAN,129883.47924640865,47492.9,14.154485438928488,354364.3247920443,126.53553158377535,-5.199337582605575,147661.3187243551,47.89407261946206,41.989132157586376,283297.34239251836,521.3831065103865,4.185809594457366,March-April
SUBHANPURA ROAD,LT,URBAN,128593.54999774157,48423.73,14.226523229846212,354202.2289707744,126.15682997758415,-5.199337582605575,146175.90772455285,48.03045758601659,41.036835397621886,282423.4539357213,531.832682525258,4.239978652079172,May-June
SUBHANPURA ROAD,LT,URBAN,118760.12621038925,40235.4,14.211445080647165,329144.10680013336,123.17728902937014,-5.199337582605575,134858.77890807783,47.97642765654883,41.381821693563296,261609.45147976797,533.213894482503,4.326843779754442,November-December
SUBHANPURA ROAD,LT,URBAN,121189.73765984649,44693.73,14.106328338939322,330582.6479710975,123.92931122837922,-5.199337582605575,137653.88651887252,48.07752970896015,41.88812977991714,266367.9121368373,481.02812515696786,4.043952678340563,September-October
SUBHANPURA ROAD,LT,URBAN,113991.61238838726,39912.89,14.234836295528627,318385.94931222015,121.66892811999615,-5.199337582605575,129375.08895393598,48.6900009137519,41.17846132393655,255470.06097158126,493.9286496289506,4.145874326232372,January-February
SUBHANPURA ROAD,LT,URBAN,127561.29845662086,39787.56,14.238183596719491,352389.9949832071,125.8518289096106,-5.199337582605575,144987.36337572368,48.785106600754396,41.83556950910086,282732.62742427766,505.8036799854361,4.113926792908893,July-August
SUBHANPURA ROAD,LT,URBAN,132200.69846707472,44436.24,14.16049938242002,360566.3206916779,127.20916802265675,-5.199337582605575,150330.17891113332,47.85563728074444,41.43636080617072,288623.755214466,518.3205227118748,4.154232420571167,March-April
SUBHANPURA ROAD,LT,URBAN,120759.86280905541,46357.25,14.232769339828966,334914.4638729222,123.79703991340908,-5.199337582605575,137159.29042935144,48.214906066849,41.13935722769932,267061.3575756772,523.8695232411106,4.256228301862701,May-June
SUBHANPURA ROAD,LT,URBAN,115965.40970558168,41966.23,14.169427012767786,320271.0735646609,122.29861213621736,-5.199337582605575,131644.5600593817,48.20499979321191,41.57324623148343,256697.81639693002,498.8528924378419,4.167563318051748,November-December
SUBHANPURA ROAD,LT,URBAN,117640.27285190101,41811.59,14.120232982906233,322358.76372064115,122.82698295743714,-5.199337582605575,133570.7102141514,48.59074141792269,41.90514703972865,261460.32150684018,450.0807862510916,3.908489677504568,September-October
SWAMI VIVEKANAND,LT,URBAN,56657.325332107255,39.21,11.679989041896036,132146.17232379186,98.60060626881486,-5.199337582605575,63917.52452365066,26.450721383053192,20.75431326724983,108263.8886726857,372.03109504315876,4.0075459962839535,January-February
SWAMI VIVEKANAND,LT,URBAN,63600.91992377749,42.75,11.603107335628943,148676.99510925656,102.11738956849399,-5.199337582605575,71858.52748027518,26.110205487507088,20.882593852907767,122147.31918271944,370.48881647043225,3.9013005564749204,July-August
SWAMI VIVEKANAND,LT,URBAN,58251.35842412752,40.63,11.705774578729574,136120.54269060137,99.43395338228483,-5.199337582605575,65739.46823856611,26.059850159000696,20.93808931215312,111331.43620755347,376.51917430626014,4.033590685803444,March-April
SWAMI VIVEKANAND,LT,URBAN,62849.261047426975,41.34,11.725395536822331,147383.35950240854,101.75028011739315,-5.199337582605575,70998.3311804061,26.571588114954995,20.650142459675617,120785.21813646711,375.65262205391394,3.9601522063915255,May-June
SWAMI VIVEKANAND,LT,URBAN,56732.97728075667,40.68,11.619246978721435,132055.62620461575,98.64053053785415,-5.199337582605575,64003.97804463249,25.975504184147,20.746042403907822,108269.60477392448,370.5890389409657,3.9900705226861897,November-December
SWAMI VIVEKANAND,LT,URBAN,57276.7298668549,41.06,11.738250954125807,133919.71483571688,98.92638116823406,-5.199337582605575,64625.411940671365,26.20882707387338,20.812959030176945,109427.02024232647,377.63203058796176,4.059436543860409,September-October
SWAMI VIVEKANAND,LT,URBAN,53379.77814453769,39.8,11.746312294323399,124578.03648625012,96.83331182025519,-5.199337582605575,60173.4721352165,26.56722280113714,20.753652263188055,101737.51805012138,375.3625923580024,4.096991873757007,January-February
SWAMI VIVEKANAND,LT,URBAN,57064.472232365966,41.09,11.709898003398699,133270.00573481846,98.81502784327161,-5.199337582605575,64382.82180577913,26.210912461709093,20.560674583553062,109020.84012876169,375.24311452712067,4.037048206054273,July-August
SWAMI VIVEKANAND,LT,URBAN,58512.50706169154,42.6,11.67733047469993,136620.60701990392,99.56892943265723,-5.199337582605575,66038.01730637568,25.999859384748902,20.83001957559762,111847.83183841743,374.7901097117738,4.011030246007573,March-April
SWAMI VIVEKANAND,LT,URBAN,59147.558199047846,42.69,11.656363425114082,138064.9661326863,99.89538195666378,-5.199337582605575,66764.08949507787,26.449137279626292,20.59784138147951,113281.60115863864,370.74107343285385,3.9583839696984042,May-June
SWAMI VIVEKANAND,LT,URBAN,58393.02034956417,43.97,11.65317433225647,136221.74825539993,99.5072254175904,-5.199337582605575,65901.41632089845,26.012110586689627,20.686541586149055,111622.20701512574,372.8839569878653,3.9918221560827516,November-December
SWAMI VIVEKANAND,LT,URBAN,58505.2099313495,37.05,11.637234360806097,136423.08225621065,99.5651637088951,-5.199337582605575,66029.67491795044,26.441270398535366,20.751851731251136,111974.49634513869,369.590212721744,3.9548446935521757,September-October
TCD LTD,HT,HTEX,34001.901335801995,0.0,0.0,73299.36444808176,0.0,0.30945937365983456,38219.82283889777,0.0,0.0,62281.99255495311,311.16509706736326,3.3451403782889995,January-February
TCD LTD,HT,HTEX,40104.87571113705,0.0,0.0,87662.4386506113,0.0,0.40529733643201626,45176.4575748803,0.0,0.0,74270.08210465848,311.57859065598575,3.3451403782889995,July-August
TCD LTD,HT,HTEX,39051.20690891469,0.0,0.0,85168.70044643553,0.0,0.3837075459396241,43974.36150935792,0.0,0.0,72191.14042690062,311.5053917471935,3.3451403782889995,March-April
TCD LTD,HT,HTEX,39931.41404917244,0.0,0.0,87251.52125535996,0.0,0.3944794562868435,44978.53240338297,0.0,0.0,73927.58156378118,311.5664904268945,3.3451403782889995,May-June
TCD LTD,HT,HTEX,38557.57098406533,0.0,0.0,84002.33602934961,0.0,0.3622951606995321,43411.332574190856,0.0,0.0,71218.44591989004,311.47135005573074,3.3451403782889995,November-December
TCD LTD,HT,HTEX,38201.74159155522,0.0,0.0,83162.3578093672,0.0,0.3516515478516947,43005.54011846744,0.0,0.0,70517.80657846633,311.44691826013485,3.3451403782889995,September-October
TCD LTD,HT,HTEX,34546.52792818885,0.0,0.0,74572.86344917494,0.0,0.31995296784870736,38840.01099339142,0.0,0.0,63346.3558297602,311.200937054613,3.3451403782889995,January-February
TCD LTD,HT,HTEX,40258.19699457666,0.0,0.0,88025.76934148303,0.0,0.4161628574745352,45351.41109530446,0.0,0.0,74572.89713431672,311.58930570324696,3.3451403782889995,July-August
TCD LTD,HT,HTEX,37973.32734591034,0.0,0.0,82623.50419628074,0.0,0.3410476249876525,42745.07938212712,0.0,0.0,70068.27971625747,311.4312713916114,3.3451403782889995,March-April
TCD LTD,HT,HTEX,40632.311257366426,0.0,0.0,88912.80768736123,0.0,0.4270777352461034,45778.34599288433,0.0,0.0,75312.10751941297,311.61550411327795,3.3451403782889995,May-June
TCD LTD,HT,HTEX,38632.23207786438,0.0,0.0,84178.6653941527,0.0,0.37297997680387784,43496.483094979776,0.0,0.0,71365.51035074313,311.47649204286586,3.3451403782889995,November-December
TCD LTD,HT,HTEX,37633.93431028166,0.0,0.0,81823.34279389642,0.0,0.3304819135255548,42358.10728117286,0.0,0.0,69400.67488925165,311.408100150426,3.3451403782889995,September-October
VADHUNAGAR,LT,URBAN,82014.97718738267,445.95,12.969067129113126,205378.31847483158,109.11138361520169,-5.199337582605575,89708.05367848977,40.04516883394072,34.10334761849035,163480.10336589545,466.9688180145188,4.44558633290205,January-February
VADHUNAGAR,LT,URBAN,95105.13156198041,396.5,12.955510316170962,237701.48657343228,114.09751472118403,-5.199337582605575,104226.03654410865,39.73014497899075,33.85336847722631,188693.5128395968,491.7739034636278,4.451727654608903,July-August
VADHUNAGAR,LT,URBAN,94107.01946679274,458.37,13.015542462549186,236074.75717149497,113.73515812822914,-5.199337582605575,103118.09238879773,39.65184554288364,34.46679329630022,186217.08774553504,506.86896023551657,4.569436612905418,March-April
VADHUNAGAR,LT,URBAN,94957.95214379381,453.31,12.918093615286972,236813.68651530964,114.04425281954241,-5.199337582605575,104062.65199438804,39.395332422547284,34.24644781327302,187553.50750357073,497.2484191799667,4.49594077572562,May-June
VADHUNAGAR,LT,URBAN,93671.74597752545,435.37,12.913923618550035,233537.85577516383,113.57627999080484,-5.199337582605575,102634.96908547291,39.74697975139518,34.263653045004304,185659.7134453902,485.6862952654892,4.430186770306587,November-December
VADHUNAGAR,LT,URBAN,90071.38992326871,413.02,13.010961605606479,225947.7223794112,112.24157251126226,-5.199337582605575,98639.95357682515,39.85366846202604,33.900055361251106,178983.14701626447,490.44007607758635,4.506532032278714,September-October
VADHUNAGAR,LT,URBAN,82890.2152522591,427.24,12.965549648139806,207483.97235764592,109.4617484332,-5.199337582605575,90677.87169945487,39.48424734111492,34.57557106127194,163776.99277672605,487.2549148544314,4.5945915870248095,January-February
VADHUNAGAR,LT,URBAN,102500.658418431,393.26,12.956408693633016,256306.88929928743,116.70157019916658,-5.199337582605575,112439.96427412318,40.338465175920355,34.20057422104812,204340.31790573787,489.5499281752914,4.34585895349337,July-August
VADHUNAGAR,LT,URBAN,98227.60876075452,393.55,12.985810189465953,245962.7669166137,115.21393395327914,-5.199337582605575,107693.0773003302,39.965260351282744,34.486618585003846,194960.13933634377,500.2785588237306,4.468562250045465,March-April
VADHUNAGAR,LT,URBAN,99284.46720219994,469.38,12.94791355703859,248082.90177974134,115.58608863982302,-5.199337582605575,108866.88548923278,39.36368301841817,34.192967869113986,196104.87488361992,508.6624307907758,4.517092303817746,May-June
VADHUNAGAR,LT,URBAN,93631.29325596761,462.29,12.940546445265934,233801.89744585674,113.56148785018812,-5.199337582605575,102590.07096667311,39.432686518256965,33.946102495828626,185171.8517359759,495.460770290517,4.498970023885004,November-December
VADHUNAGAR,LT,URBAN,93305.11961441005,447.52,12.911240561680426,232584.0762050328,113.4420510029941,-5.199337582605575,102228.06192107749,39.89241355973486,34.26999009517797,185213.8667937027,480.7583900579818,4.399186978038774,September-October
